path,category,width,height,format,channels,alpha,status
assets/cards/ashravael_blood_tithe.webp,runtime_card,640,800,WEBP,srgb,false,approved_frozen
assets/cards/ashravael_bloodsworn.webp,runtime_card,640,800,WEBP,srgb,false,approved_frozen
assets/cards/ashravael_cinder_oath.webp,runtime_card,640,800,WEBP,srgb,false,approved_frozen
assets/cards/ashravael_cinderclaw.webp,runtime_card,640,800,WEBP,srgb,false,approved_frozen
assets/cards/ashravael_emberbound.webp,runtime_card,640,800,WEBP,srgb,false,approved_frozen
assets/cards/ashravael_furnace_sigil.webp,runtime_card,640,800,WEBP,srgb,false,approved_frozen
assets/cards/ashravael_gorebrand.webp,runtime_card,640,800,WEBP,srgb,false,approved_frozen
assets/cards/ashravael_warfiend.webp,runtime_card,640,800,WEBP,srgb,false,approved_frozen
assets/cards/dumoryss_echo_leech.webp,runtime_card,640,800,WEBP,srgb,false,approved_frozen
assets/cards/dumoryss_fractured_moment.webp,runtime_card,640,800,WEBP,srgb,false,approved_frozen
assets/cards/dumoryss_null_seer.webp,runtime_card,640,800,WEBP,srgb,false,approved_frozen
assets/cards/dumoryss_nullglass.webp,runtime_card,640,800,WEBP,srgb,false,approved_frozen
assets/cards/dumoryss_rift_scribe.webp,runtime_card,640,800,WEBP,srgb,false,approved_frozen
assets/cards/dumoryss_thoughtscar.webp,runtime_card,640,800,WEBP,srgb,false,approved_frozen
assets/cards/dumoryss_veil_tax.webp,runtime_card,640,800,WEBP,srgb,false,approved_frozen
assets/cards/dumoryss_veilbreaker.webp,runtime_card,640,800,WEBP,srgb,false,approved_frozen
assets/cards/khevaruun_aegis_hound.webp,runtime_card,640,800,WEBP,srgb,false,approved_frozen
assets/cards/khevaruun_bastion_core.webp,runtime_card,640,800,WEBP,srgb,false,approved_frozen
assets/cards/khevaruun_iron_memory.webp,runtime_card,640,800,WEBP,srgb,false,approved_frozen
assets/cards/khevaruun_ironwarden.webp,runtime_card,640,800,WEBP,srgb,false,approved_frozen
assets/cards/khevaruun_platecaller.webp,runtime_card,640,800,WEBP,srgb,false,approved_frozen
assets/cards/khevaruun_shieldroot.webp,runtime_card,640,800,WEBP,srgb,false,approved_frozen
assets/cards/khevaruun_temper_rite.webp,runtime_card,640,800,WEBP,srgb,false,approved_frozen
assets/cards/khevaruun_wallforged.webp,runtime_card,640,800,WEBP,srgb,false,approved_frozen
assets/cards/nerqathen_bone_cantor.webp,runtime_card,640,800,WEBP,srgb,false,approved_frozen
assets/cards/nerqathen_gravewisp.webp,runtime_card,640,800,WEBP,srgb,false,approved_frozen
assets/cards/nerqathen_mourning_husk.webp,runtime_card,640,800,WEBP,srgb,false,approved_frozen
assets/cards/nerqathen_ossuary_bell.webp,runtime_card,640,800,WEBP,srgb,false,approved_frozen
assets/cards/nerqathen_pale_binder.webp,runtime_card,640,800,WEBP,srgb,false,approved_frozen
assets/cards/nerqathen_second_burial.webp,runtime_card,640,800,WEBP,srgb,false,approved_frozen
assets/cards/nerqathen_soul_harvest.webp,runtime_card,640,800,WEBP,srgb,false,approved_frozen
assets/cards/nerqathen_soulmonger.webp,runtime_card,640,800,WEBP,srgb,false,approved_frozen
assets/cards/neutral_kelvarn_relicbearer.webp,runtime_card,640,800,WEBP,srgb,false,approved_frozen
assets/cards/neutral_mireglass_wanderer.webp,runtime_card,640,800,WEBP,srgb,false,approved_frozen
assets/cards/neutral_orryxian_wayfarer.webp,runtime_card,640,800,WEBP,srgb,false,approved_frozen
assets/cards/neutral_pale_meridian.webp,runtime_card,640,800,WEBP,srgb,false,approved_frozen
assets/cards/neutral_rivenshade_grazer.webp,runtime_card,640,800,WEBP,srgb,false,approved_frozen
assets/cards/neutral_sablequill_nomad.webp,runtime_card,640,800,WEBP,srgb,false,approved_frozen
assets/cards/neutral_threnic_cartographer.webp,runtime_card,640,800,WEBP,srgb,false,approved_frozen
assets/cards/neutral_vantrel_duskling.webp,runtime_card,640,800,WEBP,srgb,false,approved_frozen
assets/environment_details/book_of_nulmeris.png,book_layer,1536,1024,PNG,srgba,true,approved_frozen
assets/environment_details/convergence_ring_inner.png,convergence_ring_layer,1254,1254,PNG,srgba,true,approved_frozen
assets/environment_details/convergence_ring_outer.png,convergence_ring_layer,1254,1254,PNG,srgba,true,approved_frozen
assets/environments/citadel_convergence.webp,environment,2560,1440,WEBP,srgb,false,approved_frozen
assets/environments/citadel_deck_hall.webp,environment,2560,1440,WEBP,srgb,false,approved_frozen
assets/environments/citadel_hall.webp,environment,2560,1440,WEBP,srgb,false,approved_frozen
assets/environments/citadel_staging_hall.webp,environment,2560,1440,WEBP,srgb,false,approved_frozen
assets/environments/gates_left.png,animated_gate_layer,1024,1536,PNG,srgba,true,approved_frozen
assets/environments/gates_right.png,animated_gate_layer,941,1672,PNG,srgba,true,approved_frozen
assets/environments/library_of_nulmeris.webp,environment,2560,1440,WEBP,srgb,false,approved_frozen
assets/environments/nulmeris_archive.webp,environment,2560,1440,WEBP,srgb,false,approved_frozen
assets/heroes/guardian_nulmeris.png,hero_layer,1024,1536,PNG,srgba,true,approved_frozen
assets/heroes/kezharyn.png,hero_layer,1122,1402,PNG,srgba,true,approved_frozen
assets/heroes/syrraveth.png,hero_layer,1122,1402,PNG,srgba,true,approved_frozen
assets/heroes/tazhyrion.png,hero_layer,1086,1448,PNG,srgba,true,approved_frozen
assets/heroes/vhorazel.png,hero_layer,1086,1448,PNG,srgba,true,approved_frozen
masters/cards/ashravael_blood_tithe.png,master_card,1122,1402,PNG,srgb,false,approved_frozen
masters/cards/ashravael_bloodsworn.png,master_card,1122,1402,PNG,srgb,false,approved_frozen
masters/cards/ashravael_cinder_oath.png,master_card,1122,1402,PNG,srgb,false,approved_frozen
masters/cards/ashravael_cinderclaw.png,master_card,1122,1402,PNG,srgb,false,approved_frozen
masters/cards/ashravael_emberbound.png,master_card,1122,1402,PNG,srgb,false,approved_frozen
masters/cards/ashravael_furnace_sigil.png,master_card,1122,1402,PNG,srgb,false,approved_frozen
masters/cards/ashravael_gorebrand.png,master_card,1122,1402,PNG,srgb,false,approved_frozen
masters/cards/ashravael_warfiend.png,master_card,1122,1402,PNG,srgb,false,approved_frozen
masters/cards/dumoryss_echo_leech.png,master_card,1122,1402,PNG,srgb,false,approved_frozen
masters/cards/dumoryss_fractured_moment.png,master_card,1122,1402,PNG,srgb,false,approved_frozen
masters/cards/dumoryss_null_seer.png,master_card,1122,1402,PNG,srgb,false,approved_frozen
masters/cards/dumoryss_nullglass.png,master_card,1122,1402,PNG,srgb,false,approved_frozen
masters/cards/dumoryss_rift_scribe.png,master_card,1122,1402,PNG,srgb,false,approved_frozen
masters/cards/dumoryss_thoughtscar.png,master_card,1122,1402,PNG,srgb,false,approved_frozen
masters/cards/dumoryss_veil_tax.png,master_card,1122,1402,PNG,srgb,false,approved_frozen
masters/cards/dumoryss_veilbreaker.png,master_card,1122,1402,PNG,srgb,false,approved_frozen
masters/cards/khevaruun_aegis_hound.png,master_card,1122,1402,PNG,srgb,false,approved_frozen
masters/cards/khevaruun_bastion_core.png,master_card,1122,1402,PNG,srgb,false,approved_frozen
masters/cards/khevaruun_iron_memory.png,master_card,1122,1402,PNG,srgb,false,approved_frozen
masters/cards/khevaruun_ironwarden.png,master_card,1122,1402,PNG,srgb,false,approved_frozen
masters/cards/khevaruun_platecaller.png,master_card,1122,1402,PNG,srgb,false,approved_frozen
masters/cards/khevaruun_shieldroot.png,master_card,1122,1402,PNG,srgb,false,approved_frozen
masters/cards/khevaruun_temper_rite.png,master_card,1122,1402,PNG,srgb,false,approved_frozen
masters/cards/khevaruun_wallforged.png,master_card,1122,1402,PNG,srgb,false,approved_frozen
masters/cards/nerqathen_bone_cantor.png,master_card,1122,1402,PNG,srgb,false,approved_frozen
masters/cards/nerqathen_gravewisp.png,master_card,1122,1402,PNG,srgb,false,approved_frozen
masters/cards/nerqathen_mourning_husk.png,master_card,1122,1402,PNG,srgb,false,approved_frozen
masters/cards/nerqathen_ossuary_bell.png,master_card,1122,1402,PNG,srgb,false,approved_frozen
masters/cards/nerqathen_pale_binder.png,master_card,1122,1402,PNG,srgb,false,approved_frozen
masters/cards/nerqathen_second_burial.png,master_card,1122,1402,PNG,srgb,false,approved_frozen
masters/cards/nerqathen_soul_harvest.png,master_card,1122,1402,PNG,srgb,false,approved_frozen
masters/cards/nerqathen_soulmonger.png,master_card,1122,1402,PNG,srgb,false,approved_frozen
masters/cards/neutral_kelvarn_relicbearer.png,master_card,1122,1402,PNG,srgb,false,approved_frozen
masters/cards/neutral_mireglass_wanderer.png,master_card,1122,1402,PNG,srgb,false,approved_frozen
masters/cards/neutral_orryxian_wayfarer.png,master_card,1122,1402,PNG,srgb,false,approved_frozen
masters/cards/neutral_pale_meridian.png,master_card,1122,1402,PNG,srgb,false,approved_frozen
masters/cards/neutral_rivenshade_grazer.png,master_card,1122,1402,PNG,srgb,false,approved_frozen
masters/cards/neutral_sablequill_nomad.png,master_card,1122,1402,PNG,srgb,false,approved_frozen
masters/cards/neutral_threnic_cartographer.png,master_card,1122,1402,PNG,srgb,false,approved_frozen
masters/cards/neutral_vantrel_duskling.png,master_card,1122,1402,PNG,srgb,false,approved_frozen
